PACCAR INC,PACCAR INC,,P1AC
PACIFIC RDSL PARTICIPACOES SA,PACIFIC RDSL,,PACF
PACIFIC RUBIALES ENERGY CORP,PACIFIC RUB,,PREB
PACKAGING CORP OF AMERICA,PACKAGING CO,,P1KG
PADTEC HOLDING SA,PADTEC,NM,PDTC
PAGRISA PARA PASTORIL E AGRICOLA SA,PAGRISA,MB,PGSA
PAGSEGURO DIGITAL LTD,PAGSEGURO,,PAGS
PALANTIR TECHNOLOGIES INC,PALANTIRTECH,,P2LT
PALO ALTO NETWORKS INC,PALOALTO NET,,P2AN
PANATLANTICA SA,PANATLANTICA,,PATI
PANORAMA DESENVOLVIMENTO LOGISTICO FDO INV IMOB,FII PANORAMA,,PNDL
PANORAMA LAST MILE SBC FDO INV IMOB,FII LASTMILE,,PNLN
PANORAMA PROPERTIES FDO INVEST IMOB,FII PAN PROP,,PNPR
PAO DE ACUCAR  FIDC,FDC PACUCAR,MB,PADC
PARAMOUNT GLOBAL,PARAMOUNT GL,,C1BS
PARANA BCO SA,PARANA,,PRBC
PARANA EQUIPAMENTOS SA,PARANA EQUIP,,PREQ
PARANAPANEMA SA,PARANAPANEMA,NM,PMAM
PARCOM PARTICIPACOES SA,PARCOM PART,MB,PCPA
PARKERHANNIFIN CORP,PARKERHANNI,,P1HC
PARKING PARTNERS FDO INVEST IMOB,FII PARK PAR,,VTVI
PARMALAT  FIDC,FDC PARMALAT,,PMFC
PARMALAT BRASIL SA IND DE ALIMENTOS,PARMALAT,,LCSA
PARNASSA SA,PARNASSA,,PNSA
PARQUE ANHANGUERA FDO INVEST IMOB,FII PARQ ANH,,PQAG
PARQUES TEMATICOS HOPI HARI SA,PQT HOPI,,AVID
PARTICIPACOES INDUSTRIAIS DO NE SA,PART INDS NE,,BBPA
PATI DO ALFERES PARTICIPACOES SA,PATI ALFERES,,PAAP
PATRIA CIA SECURITIZADORA DE CRED IMOB,PATRIA SEC,,NOOS
PATRIA EDIFICIOS CORPORATIVOS FDO INV IMOB  FII,FII PATRIA,,PATC
PATRIA INFRAESTRUTURA ENERGIA CORE FIP INFRA,FIP PATR INF,,PICE
PATRIA INVESTIMENTOS IMOBILIARIOS SA,PATRIA INV,MB,MHAN
PATRIA LOGISTICA FUNDO DE INVESTIMENTO IMOBILIARIO,FII PATR LOG,,PATL
PATRIM BRASIL PRIV EQTY FDO MINV ACOES,FIA PATRIM,MB,PTBR
PAULISTA PRAIA HOTEL SA,PRAIA HOTEL,MB,PPHT
PAYCHEX INC,PAYCHEX INC,,P1AY
PAYCOM SOFTWARE INC,PAYCOM SOFTW,,P1YC
PAYLOCITY HOLDING CORP,PAYLOCITY,,P2CY
PAYPAL HOLDINGS INC,PAYPAL HOLD,,PYPL
PBG SA,PORTOBELLO,NM,PTBL
PBH ATIVOS SA,PBH ATIVOS,MB,PBHA
PDG COMPANHIA SECURITIZADORA,PDG SECURIT,,PDGS
PDG REALTY SA EMPREEND E PARTICIPACOES,PDG REALT,NM,PDGR
PEARSON SISTEMAS DO BRASIL SA,SEB,N2,SEBB
PEGASYSTEMS INC,PEGASYSTEMS,,P2EG
PEIXE SA,PEIXE,,PXEC
PENN NATIONAL GAMING INC,PENN NATIONL,,P2EN
PENTAIR PLC,PENTAIR PLC,,P1NR
PENUMBRA INC,PENUMBRA,,P2NB
PEOPLES UNITED FINANCIAL INC,PEOPLES UNIT,,P1BC
PEPSICO INC,PEPSICO INC,,PEPB
PERDIGAO  FIDC,FDC PERDIGAO,,FDPG
PERENCO PETROLEO E GAS DO BRASIL PARTICIPACOES SA,PERENCO OGBR,,PEOG
PERFIN APOLLO ENERGIA FIP EM INFRAESTRUTURA,FIP PERFIN,,PFIN
PERFORMA REAL ESTATE  FDO INV IMOB,FII PERFORMA,,PEMA
PERKINELMER INC,PERKINELMER,,P1KI
PERRIGO CO PLC,PERRIGO CO P,,P1RG
PERSONALE I FDO INV IMOB  FII,FII PERSONAL,MB,PRSN
PET CENTER COMERCIO E PARTICIPACOES SA,PETZ,NM,PETZ
PETRO RIO SA,PETRORIO,NM,PRIO
PETROBRAS DISTRIBUIDORA SA,PETROBRAS BR,NM,BRDT
PETROBRAS QUIMICA SA  PETROQUISA,PETROQUISA,,PTQS
PETROCHINA CO LTD,PETROCHIN,,PTCH
PETROFLEX INDUSTRIA E COMERCIO SA,PETROFLEX,,PEFX
PETROLEO BRASILEIRO SA PETROBRAS,PETROBRAS,N2,PETR
PETROQUIMICA UNIAO SA,PETROQ UNIAO,,PQUN
PETRORECONCAVO SA,PETRORECSA,NM,RECV
PETTENATI SA INDUSTRIA TEXTIL,PETTENATI,,PTNT
PEVE PREDIOS SA,PEVE PREDIOS,,PVPR
PEVEFINASA PARTICIPACOES E PREDIOS SA,PEVE FINASA,,PVFS
PFIZER INC,PFIZER,,PFIZ
PHILIP MORRIS INTERNATIONAL INC,PHILIP MORRI,,PHMO
PHILLIPS 66,PHILLIPS 66,,P1SX
PILCOMAYO PARTICIPACOES SA,PILCOMAYO,,PILC
PINDUODUO INC,PINDUODUO IN,,P1DD
PINNACLE WEST CAPITAL CORP,PINNACLE WES,,P1NW
PINTEREST INC,PINTERESTINC,,P2IN
PIONEER NATURAL RESOURCES CO,PIONEER NATU,,P1IO
PIPA CIA SECURITIZADORA DE CREDITOS IMOBILIARIO,IMIGRANTES,,IMIG
PIRAJU PARTICIPACOES SA,PIRAJU PART,,PIJU
PIRELLI CABOS SA,PIRELLI,,PIRE
PIRELLI PNEUS SA,PIRELLI PNEU,,PIPN
PISA PAPEL DE IMPRENSA SA,PISA,,PISA
PLANALTO SA,PLANALTO,,PLNT
PLANET FITNESS INC,PLANETFITNES,,P2LN
PLANETA SECURITIZADORA SA,GAIA SECURIT,MB,GAIA
PLANO  PLANO DESENVOLVIMENTO IMOBILIARIO SA,PLANOEPLANO,NM,PLPL
PLASCAR PARTICIPACOES INDUSTRIAIS SA,PLASCAR PART,,PLAS
PLASCAR PARTICIPACOES INDUSTRIAIS SA,PLASCAR PART,,OSAO
PLATYPUS SA,PLATYPUS,MB,PLTP
PLAYCENTER SA,PLAYCENTER,,EBRU
PLURAL CREDITO AGRO  FIAGRO  IMOBILIARIO,FIAGRO PLUR,,PLCA
PLURAL LOGISTICA FDO INV IMOB,FII PLURAL L,,PLOG
PLURAL RENDA URBANA FDO DE INV IMOB,FII PLUR URB,,PURB
PNC FINANCIAL SERVICES GROUP INC,PNCFNANCIAL,,PNCS
POCONE PARTICIPACOES SA,POCONE PART,,POCO
POLIALDEN PETROQUIMICA SA,POLIALDEN,,PLDN
POLIPROPILENO PARTICIPACOES SA,POLIPR PART,,PORP
POLIPROPILENO SA,POLIPROPILEN,,POPR
POLITENO INDUSTRIA E COMERCIO SA,POLITENO,,PLTO
POLO CAPITAL SECURITIZADORA SA,POLO CAP SEC,,PLSC
POLO CREDITO IMOBILIARIO FII,FII POLO CRI,,PORD
POLO FDO INV IMOB  FII RECEBIVEIS IMOBILIARIOS I,FII POLO I,,PLRI
POLO FILMS INDUSTRIA E COMERCIO SA,POLO FILMS,,PLFS
POLO PRECATFEDERAL FIDC NAOPADRONIZADO,FDC POLO,,PLPF
POLONIA PARTICIPACOES SA,POLONIA PART,,PLPT
POLPAR SA,POLPAR,,PPAR
POLTEX POLIDO TEXTIL SA,POLTEX,MB,PTEX
POLYNOR SA IND COM FIBRAS SINT PAR,POLYNOR,,PONO
POMIFRUTAS SA,POMIFRUTAS,NM,FRTA
PORTO SEGURO SA,PORTO SEGURO,,POSE
PORTO SEGURO SA,PORTO SEGURO,NM,PSSA
PORTO SUDESTE ROYALTIES  FIPIE,FIP PORT SUD,,FPOR
PORTO SUDESTE VM SA,PORTO VM,,PSVM
PORTX OPERACOES PORTUARIAS SA,PORTX,NM,PRTX
PORTX OPERACOES PORTUARIAS SA,CENT SUDESTE,,CTSU
POSCO HOLDINGS INC,POSCO HOLD,,P1KX
POSITIVO TECNOLOGIA SA,POSITIVO TEC,NM,POSI
PPE FIOS ESMALTADOS SA,PPE FIOS,,PPEF
PPG INDUSTRIES INC,PPG INDUSTRI,,P1PG
PPL CORP,PPL CORP,,P1PL
PPLA PARTICIPATIONS LTD,PPLA,,PPLA
PRAIA DO CASTELO FUNDO DE INVESTIMENTO IMOBILIARIO,FII PRAIA CS,,PCAS
PRATICA KLIMAQUIP INDUSTRIA E COMERCIO SA,PRATICA,M2,PTCA
PRATICA PARTICIPACOES SA,PRATICA,M2,PRCA
PRAZO  FUNDO DE INVESTIMENTO IMOBILIARIO  FII,FII PRAZO,,PRZS
PREFEITURA MUNICIPAL DE CURITIBA,CEPAC  CTBA,MB,CTBA
PREFEITURA MUNICIPAL DE SAO PAULO,CEPAC  PMSP,MB,PMSP
PRESIDENTE VARGAS FDO INV IMOB,FII P VARGAS,,PRSV
PRINCIPAL FINANCIAL GROUP INC,PRINCIPAL FI,,P1FG
PRINER SERVICOS INDUSTRIAIS SA,PRINER,NM,PRNR
PRISMA PROTON ENERGIA FDO INVEST PART INFRA,FIP PRISMA,,PPEI
PRIVATINVEST PARTICIPACOES SA,PRIVATINVEST,MB,PRVT
PRO METALURGIA SA,PRO METALURG,,PMET
PROCORE TECHNOLOGIES INC,PROCORE TECH,,P2CO
PROCTER  GAMBLE COMPANY,PG,,PGCO
PRODUTORES ENERGETDE MANSO SA PROMAN,PROMAN,MB,PRMN
PROFARMA DISTRIB PROD FARMACEUTICOS SA,PROFARMA,NM,PFRM
PROLOGIS BRAZIL LOGISTICS VENTURE FDO INV IMOB,FII PROLOGIS,,PBLV
PROLOGIS INC,PROLOGIS INC,,P1LD
PROMOAUTO PARTICIPACOES SA,PROMOAUTO,,GMSA
PROMPT PARTICIPACOES SA,PROMPT PART,MB,PRPT
PRONOR PETROQUIMICA SA,PRONOR,,PNOR
PRUDENTIAL FINANCIAL INC,PRUDENTIAL F,,P1DT
PRUDENTIAL PLC,PRUDENTIAL P,,P1UK
PRUMO LOGISTICA SA,LLX LOG,NM,LLXL
PRUMO LOGISTICA SA,PRUMO,,PRML
PT TELEKOMUNIKASI INDONESIA PERSERO TBK,PT TELEKOMUN,,T1LK
PTC INC,PTC INC,,P2TC
PUBLIC SERVICE ENTERPRISE GROUP INC,PUBLIC SERVI,,P1EG
PUBLIC STORAGE,PUBLIC STORA,,P1SA
PULTEGROUP INC,PULTEGROUP I,,P1HM
PURE STORAGE INC,PURE STORAGE,,P2ST
PVH CORP,PVH CORP,,P1VH
PW BRASIL EXPORT SA,PW BRASIL,,PWBR
