HR BLOCK INC,HER BLOCK IN,,H1RB
HJ HEINZ COMPANY,H J HEINZ,MB,HNZB
HABITAT II  FDO INV IMOB,FII HABIT II,,HABT
HAGA SA INDUSTRIA E COMERCIO,HAGA SA,,HAGA
HALLIBURTON COMPANY,HALLIBURTON,,HALI
HANESBRANDS INC,HANESBRANDS,,H1BI
HANOVER INSURANCE GROUP INC,HANOVER INSU,,THGI
HAPVIDA PARTICIPACOES E INVESTIMENTOS SA,HAPVIDA,NM,HAPV
HARLEYDAVIDSON INC,HARLEYDAVID,,H1OG
HARPIA OMEGA PARTICIPACOES SA,HARPIA PART,,HPIA
HARTFORD FINANCIAL SERVICES GROUP INC,HARTFORD FIN,,H1IG
HASBRO INC,HASBRO INC,,H1AS
HASHDEX CRYPTO METAVERSE FUNDO DE INDICE,META HASH,,META
HASHDEX DEFI INDEX FUNDO DE INDICE,DEFI HASH,,DEFI
HASHDEX NASDAQ BITCOIN REFERENCE RATE FDO IND,BITCOIN HASH,,BITH
HASHDEX NASDAQ BITCOIN REFERENCE RATE FDO IND,HASHDEX BTCN,,BTCN
HASHDEX NASDAQ CRYPTO INDEX FUNDO DE INDICE,HASHDEX NCI,,HASH
HASHDEX NASDAQ ETHEREUM REFERENCE PRICE FDO IND,ETHER HASH,,ETHE
HASHDEX SMART CONTRACT PLATFORMS FUNDO DE INDICE,SMART HASH,,WEB3
HAZ FDO INV IMOB  FII,FII HAZ,,ATCR
HBR REALTY EMPREENDIMENTOS IMOBILIARIOS SA,HBR REALTY,NM,HBRE
HCA HEALTHCARE INC,HCA HEALTHCA,,H1CA
HDFC BANK LTD,HDFC BANK LT,,H1DB
HEALTHCARE TRUST OF AMERICA INC,HEALTHC TRUS,,H2TA
HEALTHPEAK PROPERTIES INC,HEALTHPEAK P,,P1EA
HECTARE CE  FDO INV IMOB,FII HECTARE,,HCTR
HECTARE DESENV STUDENT HOUSING  FDO INV IMOB,FII HECT DES,,HCST
HECTARE PROPERTIES FDO DE INV IMOB  FII,FII HECT PRP,,HCPR
HECTARE RECEBIVEIS HIGH GRADE FDO INV IMOB,FII HECT CRI,,HCHG
HEDGE AAA FDO INV IMOB,FII HEDGEAAA,,HAAA
HEDGE ATRIUM SHOPPING SANTO ANDRE FDO INV IMOB,FII HATRIUM,,ATSA
HEDGE BRASIL SHOPPING FDO INV IMOB,FII HEDGEBS,,HGBS
HEDGE LOGISTICA FDO INV IMOB,FII HEDGELOG,,HLOG
HEDGE PALADIN DESIGN OFFICES FDO INV IMOB,FII HEDGE OF,,HDOF
HEDGE REALTY DEVELOPMENT FDO INV IMOB,FII HREALTY,,HRDF
HEDGE RECEBIVEIS IMOB FUNDO DE INVST IMOB,FII HEDGEREC,,HREC
HEDGE SEED FUNDO DE INVESTIMENTO IMOBILIARIO,FII HEDGE SD,,SEED
HEDGE SHOPPING PARQUE DOM PEDRO FDO DE INV IMOB,FII HEDGEPDP,,HPDP
HEDGE SHOPPING PRACA DA MOCA FDO INV IMOB,FII HEDMOCA,,HMOC
HEDGE SHOPPING PRACA DA MOCA FDO INV IMOB,FII GWI RI,,GWIR
HEDGE TOP FOFII 2 FDO INV IMOB,FII HTOPFOF2,,FOFT
HEDGE TOP FOFII 3 FDO INV IMOB,FII HTOPFOF3,,HFOF
HEDGE TOP FOFII FDO INV IMOB,FII HTOPFOF,,TFOF
HEICO CORPORATION,HEICO CORP,,H1EI
HEINEKEN,HEINEKEN,,HEIA
HELBOR EMPREENDIMENTOS SA,HELBOR,NM,HBOR
HENRY SCHEIN INC,HENRY SCHEIN,,H1SI
HERCULES SA FABRICA DE TALHERES,HERCULES,,HETA
HESS CORP,HESS CORP,,H1ES
HEWLETT PACKARD ENTERPRISE CO,HEWLETT PACK,,H1PE
HEWLETTPACKARD COMPANY,HP COMPANY,,HPQB
HF SINCLAIR CORPORATION,HF SINCLAIR,,H1FC
HGI CREDITOS IMOBILIARIOS FDO INV IMOB,FII HGI CRI,,HGIC
HIDROVIAS DO BRASIL SA,HIDROVIAS,NM,HBSA
HILTON WORLDWIDE HOLDINGS INC,HILTON WORLD,,H1LT
HMOBI PARTICIPACOES SA,HMOBI SA,,HMOB
HOLOGIC INC,HOLOGIC INC,,H1OL
HONDA MOTOR CO LTD,HONDA MO,,HOND
HONEYWELL INTERNATIONAL INC,HONEYWELL,,HONB
HOPI HARI SA,PQ HOPI HARI,,PQTM
HORIZON THERAPEUTICS PLC,HORIZON THER,,H1ZN
HORMEL FOODS CORP,HORMEL FOODS,,H1RL
HOSPITAL MATER DEI SA,MATER DEI,NM,MATD
HOST HOTELS  RESORTS INC,HOST HOTELS,,H1ST
HOTEIS OTHON SA,HOTEIS OTHON,,HOOT
HOTEIS RIO ALEGRE SA,RIO ALEGRE,MB,HTAL
HOWMET AEROSPACE INC,HOWMET AERO,,ARNC
HRT PARTICIPACOES EM PETROLEO SA,HRT PETROLEO,NM,HRTP
HSBC BAMERINDUS SEGUROS SA,HSBC BAM SEG,,BSEG
HSBC HOLDINGS PLC,HSBC HOLDING,,H1SB
HSI ATIVOS FINANCEIROS FUNDO DE INVESTIMENTO IMOBI,FII HSI CRI,,HSAF
HSI LOGISTICA FUNDO DE INVESTIMENTO IMOBILIARIO,FII HSI LOG,,HSLG
HSI MALL FDO INV IMOB,FII HSI MALL,,HSML
HSI RENDA IMOB FDO INV IMOB,FII HSIRENDA,,HSRE
HSI RENDA IMOB FDO INV IMOB,FII ICON,,PRGD
HUAZHU GROUP LTD,HUAZHU GROUP,,H1TH
HUB COSMETICOS SA,SWEETCOSMET,,SWET
HUBSPOT INC,HUBSPOT INC,,H2UB
HUMANA INC,HUMANA INC,,H1UM
HUMBERG AGRIBRASIL COM E EXPORT DE GRAOS SA,AGRIBRASIL,MA,GRAO
HUNTINGTON BANCSHARES INC,HUNTINGTON B,,H1BA
HUNTINGTON INGALLS INDUSTRIES INC,HUNTINGTON I,,H1II
HUSI FDO INV IMOB,FII HUSI,,HUSI
HUSKY SA,HUSKY,,JOIN
HYPERA SA,HYPERA,NM,HYPE
